{"cameraMode":{"drawMode":0,"name":"Shaded","section":"Shading Mode"},"sceneLighting":false,"audioPlay":false,"sceneViewState":{"showFog":true,"showMaterialUpdate":false,"showSkybox":true,"showFlares":true,"showImageEffects":true,"showParticleSystems":true},"in2DMode":false,"pivot":{"x":143.7017822265625,"y":228.16378784179688,"z":259.4117431640625},"rotation":{"x":0.024080242961645128,"y":0.9077333807945252,"z":0.052609749138355258,"w":-0.4155508279800415},"size":643.9668579101563,"orthographic":false}